REF_AREA,TIME_PERIOD,OBS_VALUE_mortality,OBS_VALUE_gdp,OBS_VALUE_hdi,OBS_VALUE_health_exp,OBS_VALUE_hosp_beds,OBS_VALUE_life_exp,OBS_VALUE_social_expenditure,OBS_VALUE_unemp
AUS,2000,237,45859.5162097045,0.897,7.589,76875,79.2341463414634,18.184,6.292
AUS,2001,227,46191.3142366289,0.9,7.674,76209,79.6341463414634,17.488,6.775
AUS,2002,218,47486.2783216389,0.902,7.872,76653,79.9365853658537,17.301,6.358
AUS,2003,207,48394.1269478095,0.906,7.877,78240,80.2390243902439,17.484,5.942
AUS,2004,199,49902.0187022536,0.91,8.083,79639,80.490243902439,17.181,5.392
AUS,2006,187,51553.9685966991,0.917,7.972,80331,81.0414634146342,15.679,4.792
AUS,2007,182,52531.7611201084,0.919,8.052,NA,81.2926829268293,15.844,4.375
AUS,2008,181,53336.1012157008,0.924,8.247,81233,81.3951219512195,17.037,4.258
AUS,2009,177,53237.0077642312,0.927,8.543,81838,81.5439024390244,16.833,5.575
AUS,2010,170,53578.8125049759,0.929,8.419,83232,81.6951219512195,16.544,5.208
AUS,2011,168,54111.357240336,0.933,8.534,84576,81.8951219512195,17.008,5.083
AUS,2012,161,55257.5739287362,0.938,8.67,85200,82.0463414634146,17.301,5.233
AUS,2013,160,55728.0174035719,0.935,8.747,86510,82.1487804878049,17.264,5.658
AUS,2014,162,56327.8533063277,0.937,9.828,89019,82.3,17.868,6.058
AUS,2015,162,56739.0265346593,0.938,10.136,90879,82.4,18.199,6.067
AUS,2016,156,57401.0662268939,0.939,10.09,92826,82.4487804878049,17.483,5.717
AUS,2017,154,57750.6482221688,0.94,10.109,NA,82.5,17.072,5.6
AUS,2018,150,58530.7821697117,0.945,10.089,NA,82.7487804878049,16.626,5.283
AUS,2019,155,58924.733646242,0.947,10.254,NA,82.9,20.43,5.175
AUS,2020,145,58132.798523626,0.95,10.703,NA,83.2,22.635,6.475
AUS,2021,144,59276.503107197,0.954,10.516,NA,83.3,18.061,5.117
AUS,2022,156,61009.8077147403,0.952,9.892,NA,83.2,17.067,3.708
AUS,2023,146,61598.1776089916,0.958,9.884,NA,83.0512195121951,NA,3.7
AUT,2002,271,39313.7225107545,0.887,9.591,63092,78.6780487804878,26.585,4.392
AUT,2003,267,39569.2885567329,0.889,9.698,62806,78.6317073170732,27.083,4.792
AUT,2004,253,40333.3307183894,0.895,9.815,63206,79.1804878048781,26.921,5.875
AUT,2005,247,40989.0131778975,0.898,9.718,63248,79.3317073170732,26.516,6.025
AUT,2006,237,42120.1557002022,0.902,9.641,63354,79.8804878048781,26.248,5.6
AUT,2007,229,43568.8302243941,0.905,9.605,64307,80.1804878048781,25.636,5.192
AUT,2008,219,44063.8642019916,0.907,9.834,64018,80.4317073170732,26.116,4.425
AUT,2009,221,42372.4758254763,0.907,10.312,64069,80.3317073170732,28.128,5.692
AUT,2010,214,43035.4073531933,0.912,10.316,64008,80.5804878048781,28.226,5.208
AUT,2011,206,44146.1956805294,0.915,10.137,64417,80.9829268292683,27.403,4.875
AUT,2012,204,44221.4599530893,0.916,10.302,64691,80.9365853658537,27.791,5.242
AUT,2013,199,43851.3675497404,0.915,10.406,64825,81.1365853658537,28.267,5.35
AUT,2014,197,43838.8345892137,0.919,10.512,64815,81.490243902439,28.514,6.05
AUT,2015,201,43915.228020857,0.919,10.517,65138,81.190243902439,28.441,6.158
AUT,2016,195,44362.6702805116,0.921,10.517,64838,81.6414634146342,28.351,6.467
AUT,2017,189,45056.6385912412,0.922,10.571,64805,81.6439024390244,27.981,5.942
AUT,2018,188,45951.5819164034,0.925,10.516,64285,81.6926829268293,27.72,5.217
AUT,2019,183,46550.5622459492,0.928,10.625,63838,81.8951219512195,27.837,4.825
AUT,2020,191,43428.6983137234,0.925,11.413,62873,81.1926829268293,32.691,5.475
AUT,2021,198,45313.3988964964,0.93,12.185,61927,81.190243902439,31.991,6.175
AUT,2022,187,47250.9695999523,0.927,11.225,60739,81.2951219512195,30.015,4.742
AUT,2023,175,46338.9570588922,0.93,11.153,60306,81.5414634146342,30.312,5.1
BEL,2000,280,35878.3153586195,0.894,7.999,68903,77.7219512195122,23.935,6.858
BEL,2001,271,36148.2880924306,0.899,8.15,68104,77.9731707317073,24.398,6.567
BEL,2002,264,36600.862592332,0.901,8.318,67570,78.0756097560976,24.773,7.525
BEL,2003,257,36826.2699296094,0.903,9.189,67739,78.1292682926829,25.325,8.175
BEL,2004,244,37976.6972967442,0.909,9.355,67566,78.8780487804878,25.078,8.383
BEL,2005,245,38645.2605193362,0.911,9.25,67430,78.9804878048781,24.931,8.475
BEL,2006,232,39371.0858277448,0.913,9.133,67009,79.380487804878,24.831,8.267
BEL,2007,230,40520.0843207009,0.916,9.139,66588,79.7829268292683,24.338,7.492
BEL,2008,228,40380.9075004042,0.917,9.6,66925,79.6804878048781,25.744,6.967
BEL,2009,223,39293.637546825,0.919,10.544,66422,80.0341463414634,27.878,7.992
BEL,2010,217,39991.5646206286,0.921,10.413,66645,80.1829268292683,27.658,8.383
BEL,2011,212,40236.9596308558,0.923,10.413,66785,80.5853658536585,27.879,7.217
BEL,2012,209,40074.492800399,0.923,10.587,66477,80.3853658536585,27.822,7.642
BEL,2013,204,40007.8997891411,0.925,10.638,66148,80.5878048780488,28.2,8.567
BEL,2014,194,40533.9135027898,0.93,10.62,65590,81.2878048780488,28.26,8.658
BEL,2015,193,40893.804537772,0.933,10.884,65753,80.9926829268293,29.119,8.667
BEL,2016,185,41172.8862831209,0.936,10.898,65314,81.4390243902439,28.517,7.842
BEL,2017,180,41619.328629169,0.94,10.94,64423,81.4926829268293,28.363,7.1
BEL,2018,178,42208.3625650272,0.942,10.994,64248,81.5951219512195,28.342,5.975
BEL,2019,170,43006.4042308863,0.945,10.858,63962,81.9951219512195,28.053,5.367
BEL,2020,195,40769.0218072962,0.939,11.463,63847,80.6951219512195,31.567,5.558
BEL,2021,184,43121.9429709785,0.948,11.288,63634,81.790243902439,29.102,6.275
CAN,2000,254,37906.8601321366,0.894,8.248,115829,79.1668292682927,16.383,6.833
CAN,2001,246,38200.456120621,0.897,8.625,114376,79.3980487804878,16.825,7.225
CAN,2002,243,38921.6673033743,0.899,8.857,114174,79.5307317073171,16.845,7.683
CAN,2003,239,39270.0234577749,0.902,9.011,110637,79.7151219512195,16.91,7.592
CAN,2004,231,40108.7587456658,0.906,9.066,109868,79.9921951219512,16.935,7.15
CAN,2005,229,41006.2229523971,0.909,9.035,99957,80.1126829268293,16.742,6.75
CAN,2006,216,41663.5123057295,0.913,9.332,98289,80.5436585365854,17.102,6.45
CAN,2007,219,42106.8724378248,0.914,9.435,97460,80.5436585365854,17.027,6.158
CAN,2008,215,42067.5687072607,0.916,9.594,94801,80.7246341463415,17.135,6.308
CAN,2009,208,40376.4153847836,0.915,10.704,94297,81.0660975609756,18.943,8.475
CAN,2010,202,41164.3399119626,0.918,10.701,94702,81.3221951219512,18.425,8.158
CAN,2011,195,42043.6419795513,0.921,10.405,96040,81.4826829268293,17.9,7.625
CAN,2012,194,42320.6431330726,0.927,10.541,96710,81.6636585365854,18.065,7.442
CAN,2013,193,42851.170527104,0.93,10.436,95409,81.7448780487805,17.932,7.208
CAN,2014,191,43643.2356440047,0.932,10.281,94779,81.7843902439025,17.848,7.058
CAN,2015,188,43594.1941045394,0.932,10.764,93595,81.8258536585366,18.892,7
CAN,2016,183,43551.3425975115,0.933,11.056,93715,81.94,19.188,7.05
CAN,2017,184,44339.3886689254,0.935,10.924,92462,81.8129268292683,19.092,6.417
CAN,2018,185,44907.3436912123,0.935,10.923,94673,81.8087804878049,19.118,5.833
CAN,2019,179,45100.2915069262,0.937,11.048,94748,82.1636585365854,19.846,5.683
CAN,2020,189,42366.1285377884,0.931,13.017,96849,81.5351219512195,25.894,9.742
CAN,2021,193,44639.193269037,0.937,12.381,98692,81.5168292682927,21.858,7.483
CAN,2022,184,45677.686578804,0.935,11.081,98444,81.2453658536585,19.331,5.25
CHL,2000,293,8465.35303258864,0.771,7,41786,77.128,10.214,9.708
CHL,2001,301,8632.0148244056,0.778,7.097,40685,77.58,9.899,9.867
CHL,2002,290,8810.69052712257,0.784,7.208,39902,77.84,9.915,9.8
CHL,2003,287,9130.7842621819,0.789,7.25,39782,77.884,9.764,9.533
CHL,2004,281,9642.37478651228,0.797,6.91,38574,78.276,9.177,10.017
CHL,2005,271,10104.4208391373,0.804,6.624,37374,78.459,8.829,9.3
CHL,2006,265,10611.6144012877,0.804,6.072,38072,78.533,8.212,7.95
CHL,2007,259,11051.3450717678,0.812,6.213,37797,78.652,8.389,7.008
CHL,2008,251,11356.0922105983,0.82,6.74,38011,78.752,9.527,7.75
CHL,2009,254,11116.4093443103,0.819,7.858,38314,78.89,11.46,11.053
CHL,2010,256,11649.2897090856,0.823,6.82,34829,79.095,10.543,8.305
CHL,2011,240,12252.8441074615,0.823,6.799,38292,79.236,10.074,7.3
CHL,2012,238,12882.834417927,0.832,7.02,37854,79.221,10.133,6.595
CHL,2013,236,13182.7329619856,0.845,7.476,38171,79.551,10.087,6.082
CHL,2014,234,13285.9540361192,0.849,7.842,37681,79.714,10.371,6.495
CHL,2015,229,13433.9202987032,0.855,8.351,38496,80.008,10.901,6.328
CHL,2016,219,13505.097711133,0.859,8.558,38571,80.295,11.129,6.685
CHL,2017,210,13473.3458532934,0.862,9.091,38853,80.61,11.416,6.965
CHL,2018,200,13763.0068844795,0.866,9.15,38671,80.559,11.386,7.377
CHL,2019,202,13630.5935435578,0.867,9.31,38788,80.324,11.656,7.223
CHL,2020,245,12679.024004022,0.856,9.697,39119,79.349,15.501,10.77
CHL,2021,266,14051.4713630677,0.865,9.725,38435,78.876,19.585,8.862
CHL,2022,229,14283.1489501524,0.869,10.005,38205,79.176,12.313,7.878
COL,2000,443,4016.80951748167,0.679,5.635,NA,70.905,NA,13.325
COL,2001,435,4020.50789754842,0.681,5.942,NA,71.185,NA,14.975
COL,2002,424,4058.28493578738,0.684,5.733,NA,71.537,NA,15.583
COL,2003,403,4154.17528523618,0.691,5.775,NA,72.309,NA,14.108
COL,2004,387,4311.91591255233,0.699,5.799,NA,72.76,NA,13.667
COL,2005,366,4457.27537460443,0.711,6.067,NA,73.156,NA,11.808
COL,2006,356,4694.03442939175,0.712,6.336,NA,73.497,NA,12.042
COL,2007,340,4947.25260813108,0.724,6.491,NA,73.751,NA,11.192
COL,2008,332,5048.57187245249,0.731,6.842,NA,74.206,NA,11.25
COL,2009,316,5046.97121757727,0.736,7.311,NA,74.531,NA,12.208
COL,2010,304,5214.24547620131,0.741,7.071,67737,74.876,12.149,11.992
COL,2011,282,5517.1011086899,0.747,6.781,67383,75.18,12.681,11.05
COL,2012,279,5675.75617978305,0.748,6.746,69405,75.611,12.63,10.617
COL,2013,272,5910.80592301166,0.76,7.017,72915,75.834,13.424,9.883
COL,2014,262,6121.83982019825,0.763,7.186,75855,75.95,14.108,9.4
COL,2015,262,6248.51490534512,0.767,7.523,77643,76.067,14.611,9.2
COL,2016,260,6316.07067782542,0.772,7.531,81672,76.228,14.24,9.55
COL,2017,252,6309.67745292518,0.774,7.679,83789,76.418,14.253,9.658
COL,2018,253,6353.5464285392,0.775,7.718,85021,76.579,13.817,9.95
COL,2019,247,6439.96359812647,0.777,7.834,87461,76.793,13.857,10.875
COL,2020,328,5891.9552321540305,0.764,8.698,86027,74.757,16.83,16.675
COL,2021,419,6457.16921807086,0.762,9.142,92586,72.698,15.728,13.792
CRI,2000,285,7726.51985682502,0.72,NA,6372,77.317,NA,5.193
CRI,2001,281,7854.23395802299,0.726,NA,6348,77.609,NA,6.072
CRI,2002,255,7989.55926102644,0.73,NA,6306,77.939,NA,6.403
CRI,2003,268,8207.45746763548,0.736,NA,6302,78.214,NA,6.668
CRI,2004,260,8445.52914946306,0.741,6.63,6226,78.512,NA,6.495
CRI,2005,239,8655.33965419113,0.748,6.664,5688,78.877,NA,6.63
CRI,2006,242,9160.29437453794,0.755,6.935,5630,79.049,NA,5.962
CRI,2007,213,9779.51149390415,0.76,6.996,5647,79.098,NA,4.597
CRI,2008,214,10104.9092039753,0.769,7.469,5517,79.18,NA,4.948
CRI,2009,211,9883.675670469,0.773,7.86,5546,79.372,NA,7.822
CRI,2010,235,10285.0856660482,0.776,8.029,5613,79.354,NA,9.213
CRI,2011,219,10612.4694861206,0.783,8.112,5636,79.624,11.945,10.492
CRI,2012,212,11001.5192856643,0.789,7.782,5594,79.925,11.703,9.849
CRI,2013,208,11151.1437869836,0.795,7.679,5547,80.189,12.086,8.311
CRI,2014,209,11422.6735793246,0.802,7.662,5595,80.231,11.913,9.658
CRI,2015,213,11714.7105980803,0.803,7.592,5611,80.407,12.076,9.604
CRI,2016,218,12084.4351325708,0.805,7.315,5642,79.988,11.921,9.541
CRI,2017,212,12468.5654531785,0.809,7.045,5650,79.994,11.893,9.293
CRI,2018,219,12679.5253643093,0.813,7.286,5574,80.09,12.434,11.951
CRI,2019,239,12877.6501010869,0.821,7.221,5548,80.296,12.326,12.417
CRI,2020,239,12242.2098908608,0.819,7.825,5876,79.725,14.372,19.98
CRI,2021,302,13146.6927918545,0.817,7.611,6060,78.05,12.701,13.68
CRI,2022,241,13686.1614090906,0.823,7.184,5778,79.316,12.644,11.669
CZE,2000,431,12543.9364342367,0.817,5.669,79985,74.9682926829268,17.759,8.757
CZE,2001,412,12958.4667607533,0.828,5.835,79354,75.1731707317073,17.721,8.113
CZE,2002,405,13179.9878092741,0.835,6.147,79177,75.2219512195122,18.453,7.27
CZE,2003,402,13618.9349633164,0.842,6.502,78825,75.1707317073171,18.615,7.77
CZE,2004,384,14259.63342798,0.848,6.333,78004,75.7219512195122,17.793,8.344
CZE,2005,369,15147.7214417611,0.856,6.335,77309,75.9243902439025,17.889,7.932
CZE,2006,348,16107.3042502688,0.864,6.165,76245,76.5243902439024,17.576,7.128
CZE,2007,343,16892.542854974,0.87,5.99,75502,76.7243902439025,17.37,5.306
CZE,2008,332,17190.6470333289,0.873,6.339,74924,76.9756097560976,17.682,4.377
CZE,2009,327,16272.8084766719,0.875,7.265,74607,77.0780487804878,19.978,6.703
CZE,2010,320,16665.9317825137,0.88,7.478,76864,77.4243902439025,20.013,7.284
CZE,2011,307,16926.2846674435,0.883,7.473,74590,77.8731707317073,19.976,6.708
CZE,2012,299,16772.3539223328,0.885,7.54,73296,78.0756097560976,20.32,6.975
CZE,2013,297,16759.7808635642,0.892,7.448,70922,78.1756097560976,20.427,6.949
CZE,2014,276,17118.0425571578,0.898,7.539,70738,78.8243902439024,20.037,6.111
CZE,2015,279,17931.5987670768,0.9,7.293,70794,78.5780487804878,19.432,5.021
CZE,2016,264,18359.0978103904,0.902,7.323,70903,79.0268292682927,19.127,3.946
CZE,2017,265,19257.6930680911,0.904,7.242,70698,78.9780487804878,18.671,2.89
CZE,2018,260,19736.6295261285,0.901,7.372,70807,79.0292682926829,18.868,2.178
CZE,2019,252,20360.0599221814,0.903,7.488,70711,79.2292682926829,19.137,1.959
CZE,2020,277,19233.1469549829,0.898,8.97,69990,78.2268292682927,22.925,2.511
CZE,2021,335,20373.8783043424,0.901,9.154,70029,77.2219512195122,22.208,2.738
CZE,2022,250,20627.348651011,0.911,8.471,69821,78.9292682926829,21.228,2.165
CZE,2023,229,20251.7485519779,0.915,8.427,69601,79.8780487804878,21.567,2.578
DNK,2000,329,49266.9882757886,0.896,8.11,22749,76.5926829268293,23.781,4.317
DNK,2001,321,49557.1509962227,0.902,8.444,22452,76.7926829268293,24.277,4.508
DNK,2002,311,49624.5965359582,0.902,8.695,22887,76.8951219512195,24.783,4.642
DNK,2003,303,49708.0909084109,0.907,8.89,22104,77.1439024390244,25.29,5.433
DNK,2004,292,50956.3045398814,0.912,8.986,21254,77.4926829268293,25.058,5.517
DNK,2005,282,52015.1841169021,0.917,9.067,20609,77.8439024390244,25.13,4.8
DNK,2006,279,53823.1590295482,0.917,9.153,20232,78.0951219512195,24.916,3.9
DNK,2007,264,54113.9771471341,0.918,9.302,19681,78.1951219512195,25.848,3.617
DNK,2008,255,53572.5346568185,0.922,9.468,19269,78.4463414634146,26.204,2.65
DNK,2009,244,50635.9118061988,0.915,10.629,18995,78.5975609756098,29.157,4.833
DNK,2010,238,51209.4492757775,0.92,10.579,19059,79.1,29.876,6.058
DNK,2011,221,51667.5313210425,0.934,10.378,17085,79.8,29.994,5.95
DNK,2012,217,51470.689845427,0.938,10.517,NA,80.0512195121951,30.237,6.075
DNK,2013,207,51970.3909324806,0.941,10.279,16867,80.3,29.956,5.758
DNK,2014,202,52368.3625969272,0.939,10.297,NA,80.7,30.033,4.992
DNK,2015,198,53094.0133607574,0.943,10.359,NA,80.7024390243902,30.066,4.542
DNK,2016,199,54300.2039621991,0.951,10.268,14461,80.8536585365854,29.517,4.125
DNK,2017,188,55601.0145717787,0.951,10.114,14621,81.1024390243903,29.024,4.2
DNK,2018,180,56355.0733084714,0.95,10.142,14713,80.9536585365854,28.762,3.85
DNK,2019,180,57114.6227336347,0.953,10.185,14476,81.4512195121951,28.741,3.658
DNK,2020,174,55934.5555945523,0.954,10.692,14485,81.6024390243903,29.566,4.658
DNK,2021,174,59803.9202218941,0.958,10.656,14111,81.4048780487805,28.091,3.592
DNK,2022,175,60248.671222365,0.959,9.474,14020,81.3048780487805,25.475,2.508
EST,2000,620,10006.7696280939,0.793,5.164,9828,70.4170731707317,13.932,14.602
EST,2001,627,10662.9455020331,0.802,4.784,9160,70.2585365853659,13.117,13.009
EST,2002,596,11474.6622721923,0.813,4.702,8248,70.9048780487805,12.802,11.227
EST,2003,575,12424.0441535693,0.824,5.137,7857,71.3170731707317,13.133,10.342
EST,2004,556,13348.5284463324,0.834,5.336,7690,71.909756097561,13.545,10.14
EST,2005,518,14703.6179707772,0.847,5.294,7292,72.5682926829268,13.121,8.031
EST,2006,512,16234.5152041417,0.855,4.973,7476,72.6914634146341,21.39,5.912
EST,2007,500,17543.4661785723,0.859,5.184,7349,72.8146341463415,12.646,4.592
EST,2008,459,16688.997772178,0.864,5.957,7530,73.7707317073171,15.477,5.455
EST,2009,439,14274.8511086787,0.863,6.844,7166,74.8243902439024,19.821,13.549
EST,2010,407,14657.939813612,0.868,6.594,7022,75.4292682926829,18.498,16.707
EST,2011,387,15820.922342204,0.877,6.055,7114,76.2292682926829,16.451,12.325
EST,2012,389,16460.6843479001,0.88,6.038,7309,76.3268292682927,15.933,10.023
EST,2013,352,16809.5326683781,0.887,6.198,6462,77.1414634146341,15.75,8.628
EST,2014,359,17413.6867560212,0.885,6.263,6439,77.0341463414634,16.073,7.351
EST,2015,331,17722.1557669523,0.888,6.521,6342,77.590243902439,17.326,6.185
EST,2016,323,18264.9873304279,0.89,6.569,6166,77.6414634146342,17.519,6.758
EST,2017,318,19270.8141210511,0.894,6.466,6068,78.0926829268293,17.014,5.763
EST,2018,320,19914.3454922878,0.897,6.563,5995,78.2439024390244,17.453,5.371
EST,2019,296,20579.8756732376,0.901,6.648,6011,78.6463414634147,17.8,4.448
EST,2020,310,19946.945696898,0.901,7.472,5934,78.5951219512195,20.291,6.806
EST,2021,363,21351.3954794853,0.899,7.476,5849,76.9439024390244,19.037,6.177
EST,2022,323,21080.6531409009,0.902,6.936,5653,77.8439024390244,17.361,5.571
FIN,2000,305,37872.6020343504,0.898,7.095,39027,77.4658536585366,22.761,9.875
FIN,2001,289,38784.1308115726,0.908,7.252,38715,77.9658536585366,22.576,9.2
FIN,2002,283,39343.0698997627,0.912,7.63,38232,78.119512195122,23.303,9.175
FIN,2003,271,40038.9839702277,0.915,7.94,37759,78.3682926829268,23.953,9.075
FIN,2004,274,41521.962874476,0.911,8.06,37117,78.7146341463415,24.059,8.875
FIN,2005,267,42529.3506920884,0.914,8.289,37000,78.8170731707317,24.044,8.475
FIN,2006,257,44069.3958834717,0.917,8.286,36793,79.2146341463415,23.868,7.775
FIN,2007,256,46213.6898975737,0.92,8.084,35609,79.2634146341464,22.963,6.95
FIN,2008,246,46359.8732844055,0.921,8.344,34900,79.5682926829268,23.464,6.425
FIN,2009,243,42412.5133513534,0.916,9.162,33380,79.719512195122,27.059,8.325
FIN,2010,234,43556.5385834368,0.92,9.142,31418,79.8707317073171,27.519,8.5
FIN,2011,224,44391.4535667984,0.924,9.239,29771,80.4707317073171,27.223,7.9
FIN,2012,218,43507.9345371578,0.924,9.617,28626,80.6268292682927,28.532,7.8
FIN,2013,211,42883.6384986417,0.934,9.845,26448,80.9756097560976,29.672,8.325
FIN,2014,200,42502.4880199858,0.936,9.831,24758,81.1804878048781,30.438,8.825
FIN,2015,193,42560.3456767103,0.938,9.7,23469,81.4804878048781,30.812,9.575
FIN,2016,198,43529.6761616969,0.94,9.456,21813,81.4292682926829,30.801,8.975
FIN,2017,192,44862.220404205,0.942,9.191,20680,81.6317073170732,29.884,8.825
FIN,2018,188,45337.2409550575,0.945,9.103,19666,81.7341463414634,29.588,7.425
FIN,2019,181,45898.5708448954,0.947,9.223,18734,81.9829268292683,29.626,6.742
FIN,2020,186,44690.9801103074,0.947,9.7,15189,81.9317073170732,31.569,7.767
FIN,2021,183,45792.0454180872,0.949,9.91,15456,81.8853658536585,31.019,7.608
FIN,2022,191,46016.1492103929,0.946,9.742,14530,81.1878048780488,29.623,6.767
FRA,2000,237,33255.1379642335,0.852,9.617,484279,79.0560975609756,27.812,9.175
FRA,2001,232,33640.6738002565,0.855,9.757,479025,79.1585365853659,27.851,8.458
FRA,2002,227,33753.5782979758,0.858,10.083,475431,79.2609756097561,28.594,8.275
FRA,2003,222,33840.6175720101,0.862,10.135,468418,79.1146341463415,28.95,8.525
FRA,2004,209,34557.1471111581,0.869,10.212,462143,80.1634146341463,29.01,8.875
FRA,2005,208,34946.0372494703,0.877,10.237,455175,80.1634146341463,28.893,8.875
FRA,2006,201,35645.4162427116,0.881,10.398,451110,80.8121951219512,28.426,8.842
FRA,2007,195,36322.1685141004,0.884,10.334,450615,81.1121951219512,28.288,8.017
FRA,2008,192,36257.3658930938,0.884,10.513,443008,81.2146341463415,28.518,7.442
FRA,2009,190,35052.8510772683,0.883,11.291,429674,81.4146341463415,30.952,9.125
FRA,2010,185,35578.1968010183,0.888,11.224,416710,81.6634146341463,30.97,9.275
FRA,2011,181,36269.9561530888,0.892,11.176,414204,82.1146341463415,30.645,9.208
FRA,2012,174,36161.2918253465,0.893,11.337,414840,81.9682926829268,31.185,9.767
FRA,2013,170,36256.086680981,0.896,11.478,412788,82.219512195122,31.592,10.3
FRA,2014,164,36444.3949089146,0.9,11.579,410649,82.719512195122,31.892,10.267
FRA,2015,164,36702.4323733379,0.901,11.5,407875,82.3219512195122,31.705,10.342
FRA,2016,161,36920.5342846914,0.905,11.57,403906,82.5731707317073,31.842,10.067
FRA,2017,158,37580.5979329356,0.908,11.449,399255,82.5756097560976,31.511,9.408
FRA,2018,157,38062.4435961412,0.911,11.308,395316,82.6756097560976,31.052,9.025
FRA,2019,152,38705.2072940618,0.914,11.171,390703,82.8268292682927,30.759,8.425
FRA,2020,164,35709.2045925926,0.909,12.129,385973,82.1756097560976,34.693,8.025
FRA,2021,165,38030.8571685178,0.915,12.249,380607,82.3243902439024,32.718,7.867
FRA,2022,162,38881.2230613595,0.916,11.835,373873,82.1292682926829,31.363,7.3
DEU,2000,283,35087.0891588694,0.897,9.759,749473,77.9268292682927,25.506,7.95
DEU,2001,273,35601.3628316391,0.904,9.781,741933,78.3292682926829,25.492,7.8
DEU,2002,270,35460.4121391449,0.909,10.029,731919,78.2292682926829,26.141,8.6
DEU,2003,265,35252.9745130135,0.914,10.223,721690,78.3804878048781,26.545,9.708
DEU,2004,251,35670.4870225493,0.923,9.975,707806,78.6804878048781,25.937,10.333
DEU,2005,242,36006.8578127742,0.923,10.107,698303,78.9317073170732,26.22,11.008
DEU,2006,233,37437.3918784909,0.927,9.962,683484,79.1317073170732,24.927,10.042
DEU,2007,226,38570.9146369495,0.931,9.835,677799,79.5341463414634,24.044,8.542
DEU,2008,221,38996.1434106777,0.933,10.032,674420,79.7365853658537,24.193,7.425
DEU,2009,217,36927.1920288238,0.933,10.97,674830,79.8365853658537,27.427,7.342
DEU,2010,212,38517.4397880176,0.936,10.831,674473,79.9878048780488,26.685,6.575
DEU,2011,209,40712.6577301892,0.942,10.521,672573,80.4365853658537,25.385,5.525
DEU,2012,205,40829.0348938423,0.944,10.594,670443,80.5390243902439,25.285,5.083
DEU,2013,208,40875.0262868442,0.945,10.743,667560,80.490243902439,25.492,4.942
DEU,2014,199,41588.0763814971,0.949,10.768,666337,81.090243902439,25.43,4.708
DEU,2015,204,41911.0109851054,0.948,10.923,664364,80.6414634146341,25.721,4.358
DEU,2016,200,42528.0637054999,0.949,10.971,663941,80.990243902439,25.922,3.9
DEU,2017,196,43520.1864273682,0.951,11.051,661448,80.9926829268293,25.938,3.525
DEU,2018,196,43874.0130996238,0.952,11.184,661880,80.8926829268293,26.041,3.192
DEU,2019,188,44207.6320584483,0.957,11.428,657662,81.2926829268293,26.409,2.95
DEU,2020,195,42362.6472083477,0.955,12.468,650167,81.0414634146342,29.471,3.625
GRC,2014,200,17903.5252440012,0.886,7.944,46160,81.3853658536585,25.68,26.5
GRC,2015,206,17980.7298238137,0.888,8.267,45945,81.0365853658537,25.864,24.9
GRC,2016,201,18049.928997892,0.884,8.451,45273,81.3878048780488,26.053,23.55
GRC,2017,198,18352.0884461258,0.887,8.113,45267,81.2878048780488,25.122,21.45
GRC,2018,193,18769.0389621976,0.893,8.073,45053,81.7878048780488,24.881,19.3
GRC,2019,196,19216.6759579785,0.896,8.117,44518,81.6390243902439,24.83,17.325
GRC,2020,204,17486.951333323,0.896,9.381,44921,81.2878048780488,28.584,16.325
GRC,2021,242,19232.9683327114,0.897,9.032,44794,80.0829268292683,26.37,14.775
GRC,2022,213,20595.4952639016,0.897,8.449,44468,80.7878048780488,24.447,12.425
HUN,2000,629,8979.73578602949,0.781,6.77,83271,71.2463414634146,20.068,6.433
HUN,2001,578,9365.95393193015,0.791,6.82,80665,72.2487804878049,19.753,5.74
HUN,2002,572,9836.94065083321,0.8,7.118,80360,72.3487804878049,20.792,5.843
HUN,2003,581,10253.723920764,0.807,8.13,79976,72.3,21.818,5.901
HUN,2004,559,10786.4881991495,0.811,7.766,79722,72.6487804878049,21.075,6.122
HUN,2005,551,11272.7345428122,0.816,7.992,79834,72.6487804878049,21.842,6.8
HUN,2006,528,11734.4544729813,0.823,7.786,80341,73.0975609756098,22.14,7.075
HUN,2007,521,11791.7074416876,0.826,7.207,72260,73.1512195121951,22.391,7
HUN,2008,503,11929.7209867703,0.833,7.093,71322,73.7024390243903,22.643,7.425
HUN,2009,497,11142.885928524,0.834,7.237,71600,73.9048780487805,23.239,9.675
HUN,2010,481,11287.3686666108,0.838,7.464,71818,74.2073170731707,22.862,10.775
HUN,2011,466,11536.3578996772,0.841,7.493,71669,74.8585365853659,22.208,10.675
HUN,2012,451,11440.7622718825,0.841,7.43,69449,75.0634146341463,22.546,10.675
HUN,2013,429,11729.5720798501,0.85,7.236,69621,75.5658536585366,22.183,9.825
HUN,2014,425,12287.3779441033,0.848,7.042,68910,75.7634146341463,21.315,7.525
HUN,2015,430,12782.9412577973,0.847,6.85,68843,75.5682926829269,20.343,6.625
HUN,2016,415,13145.6559885563,0.851,6.968,68713,76.0634146341464,20.116,4.975
HUN,2017,420,13734.2442804335,0.853,6.733,68702,75.8170731707317,19.411,4.05
HUN,2018,415,14533.7783144312,0.857,6.555,67947,76.0658536585366,18.55,3.575
HUN,2019,404,15290.8085466331,0.861,6.247,67494,76.3195121951219,17.492,3.3
HUN,2020,437,14664.2971195385,0.857,7.231,65886,75.419512195122,18.986,4.125
HUN,2021,530,15787.9535427563,0.852,7.335,65887,74.0658536585366,18.403,4.05
HUN,2022,422,16506.4721041768,0.867,6.647,64166,75.8682926829268,17.721,3.6
HUN,2023,390,16389.3914509189,0.87,6.369,62431,76.7707317073171,18.074,4.075
ISL,2000,236,42174.6650593404,0.902,8.899,NA,79.6536585365854,14.462,2.633
ISL,2001,226,43288.0763008799,0.91,8.753,NA,80.690243902439,14.482,2.791
ISL,2002,204,43143.4605820114,0.917,9.404,NA,80.5024390243903,15.808,3.515
ISL,2003,198,43763.7756125094,0.925,9.729,NA,80.9634146341464,16.732,3.525
ISL,2004,195,46766.016848183,0.928,9.329,NA,80.9975609756098,16.492,3.417
ISL,2005,187,48850.7658808777,0.935,8.947,NA,81.5024390243902,15.618,2.883
ISL,2006,203,50731.6906753664,0.936,8.557,NA,81.1585365853659,14.977,3.2
ISL,2007,192,53646.3690104976,0.941,8.354,1283,81.4536585365854,15.825,2.492
ISL,2008,183,53821.4708095087,0.935,8.344,1241,81.609756097561,16.15,3.325
ISL,2009,173,49527.3988380364,0.934,8.775,1178,81.7512195121951,18.491,8.008
ISL,2010,167,48193.7014101286,0.935,8.362,1140,81.8975609756097,17.732,8.317
ISL,2011,159,48933.5456639925,0.941,8.255,1050,82.3585365853659,18.198,7.95
ISL,2012,154,49191.5744141001,0.946,8.231,1041,82.9170731707317,17.844,6.85
ISL,2013,161,50946.816244297,0.95,8.227,1043,82.0609756097561,17.376,6.092
ISL,2014,145,51233.2440371844,0.954,8.29,1035,82.8609756097561,17.573,5.508
ISL,2015,154,52951.6815110898,0.956,8.131,1032,82.4682926829268,16.71,4.592
ISL,2016,158,55513.6423111384,0.959,8.156,1051,82.2048780487805,16.55,3.442
ISL,2017,150,56501.4576670531,0.962,8.324,1052,82.6609756097561,17.559,3.3
ISL,2018,147,57697.8044156909,0.966,8.438,1014,82.8609756097561,17.819,3.133
ISL,2019,135,57493.4195273629,0.969,8.64,1010,83.1634146341463,18.854,3.9
ISL,2020,131,52641.7234922236,0.965,9.649,1041,83.0634146341463,23.071,6.267
ISL,2021,142,54392.3831477619,0.967,9.721,1022,83.1658536585366,22.696,5.842
ISL,2022,150,57804.7610694483,0.964,9.081,1008,82.119512195122,19.554,3.592
IRL,2007,239,52904.4732631139,0.911,7.808,NA,79.6414634146341,16.746,5.008
IRL,2008,234,49512.4262943009,0.907,9.126,NA,80.0951219512195,19.955,6.8
IRL,2009,232,46514.5426665922,0.907,10.523,12813,80.190243902439,23.853,12.65
IRL,2010,206,47040.3543944159,0.915,10.521,12434,80.7439024390244,24.118,14.6
IRL,2011,209,47607.8853496781,0.909,10.489,12008,80.7463414634146,23.025,15.408
IRL,2012,202,47217.44319652,0.911,10.475,11692,80.8463414634146,22.842,15.483
IRL,2013,196,47999.1238187925,0.915,10.033,11837,80.9487804878049,21.33,13.775
IRL,2014,191,52098.1049907962,0.921,9.231,11989,81.3487804878049,19.5,11.892
IRL,2015,183,64311.8234684057,0.931,7.078,13730,81.4536585365854,14.659,9.925
IRL,2016,179,64267.5727331783,0.936,7.338,14042,81.6536585365854,14.8,8.392
IRL,2017,165,69777.9773596176,0.941,6.917,14279,82.1560975609756,13.643,6.758
IRL,2018,172,73960.9612252979,0.944,6.747,14475,82.2048780487805,13.163,5.808
IRL,2019,161,76464.5428903812,0.947,6.619,14213,82.7024390243903,12.699,4.983
IRL,2020,172,80908.7924330406,0.948,6.973,14412,82.4560975609756,15.513,5.842
IRL,2021,176,92757.2299985155,0.946,6.441,14567,82.2536585365854,13.566,6.25
IRL,2022,166,98776.1598658208,0.947,6.021,15009,82.509756097561,12.068,4.458
ISR,2000,247,29413.4894578106,0.839,6.594,23853,78.9536585365854,16.027,10.9
ISR,2001,237,28808.1300136037,0.841,6.999,24507,79.4073170731707,17.274,11.625
ISR,2002,228,28195.8676389139,0.846,6.908,24691,79.4512195121951,17.163,12.875
ISR,2003,217,28092.6176251486,0.847,6.85,25829,79.6487804878049,16.681,13.4
ISR,2004,207,28883.247588548,0.85,6.797,25861,80.1463414634146,15.668,12.9
ISR,2005,204,29623.7172812577,0.858,6.883,25872,80.1512195121951,15.234,11.2
ISR,2006,194,30734.9619835354,0.867,6.7,24015,80.5536585365854,14.913,10.45
ISR,2007,190,32103.162857656702,0.878,6.673,24058,80.5048780487805,14.391,9.15
ISR,2008,179,32554.0413211945,0.878,6.807,24086,80.9512195121951,14.639,7.65
ISR,2009,170,32178.5727387015,0.884,6.87,23899,81.4048780487805,15.134,9.425
ISR,2010,170,33344.7213294093,0.889,6.85,24079,81.6024390243903,15.298,8.25
ISR,2011,167,34540.6749784398,0.892,6.806,24398,81.6560975609756,15.062,7.05
ISR,2012,161,34738.6587001,0.893,6.942,24530,81.7048780487805,15.276,6.883
ISR,2013,155,35489.5086561247,0.899,6.941,24919,82.0560975609756,15.413,6.208
ISR,2014,150,36129.3146105805,0.902,7.03,25268,82.1536585365854,15.435,5.892
ISR,2015,152,36213.1041481958,0.902,7.021,25355,82.0512195121951,15.405,5.242
ISR,2016,144,37093.7879065422,0.905,7.099,25517,82.4073170731707,15.453,4.825
ISR,2017,136,37963.0491190696,0.908,7.172,26238,82.5512195121951,16.022,4.225
ISR,2018,134,38729.6426036983,0.911,7.236,26395,82.8024390243903,16.01,3.983
ISR,2019,133,39407.2016076709,0.913,7.207,26839,82.8048780487805,16.068,3.833
ISR,2020,141,37935.5432717179,0.912,7.748,26890,82.6487804878049,20.011,4.283
ISR,2021,150,40804.9689802536,0.918,7.84,27300,82.5,17.771,4.967
ISR,2022,134,42516.3888090274,0.921,7.12,28525,82.7,15.608,3.767
ITA,2003,214,33110.1698494812,0.866,7.807,239566,79.9829268292683,23.482,8.45
ITA,2004,201,33348.9744820456,0.874,8.137,231915,80.7804878048781,23.739,8.025
ITA,2005,196,33407.6754716472,0.876,8.309,234375,80.7829268292683,23.968,7.767
ITA,2006,188,33873.0493680093,0.881,8.398,232168,81.2829268292683,24.065,6.867
ITA,2007,184,34159.9109244074,0.885,8.102,228286,81.4341463414634,23.901,6.2
ITA,2008,178,33550.6340800063,0.885,8.502,223015,81.4853658536585,24.842,6.783
ITA,2009,175,31587.0638416305,0.884,8.913,218264,81.6365853658537,26.836,7.875
ITA,2010,168,31928.5543621096,0.887,8.879,215980,82.0365853658537,26.827,8.5
ITA,2011,168,32039.5032494316,0.89,8.729,208854,82.1878048780488,26.43,8.575
ITA,2012,164,30953.4147447427,0.887,8.798,203723,82.2390243902439,27.121,10.892
ITA,2013,157,30330.0221599668,0.887,8.79,199474,82.690243902439,27.733,12.367
ITA,2014,151,30325.0287793923,0.89,8.859,195189,83.090243902439,27.985,12.783
ITA,2015,154,30639.8829751432,0.889,8.846,194065,82.5439024390244,28.188,12.017
ITA,2016,147,31077.6792675211,0.894,8.72,192315,83.2439024390244,27.779,11.717
ITA,2017,146,31635.52277108,0.897,8.691,192548,82.9463414634147,27.528,11.3
ITA,2018,142,31819.3971830067,0.902,8.655,189753,83.3463414634146,27.417,10.6
ITA,2019,136,32180.4341017428,0.906,8.615,188909,83.4975609756098,27.619,9.908
ITA,2020,163,29469.7989238626,0.899,9.564,189351,82.1951219512195,32.495,9.367
ITA,2021,159,32267.7091050201,0.908,9.282,184724,82.6463414634146,29.834,9.525
ITA,2022,145,33891.8866526216,0.905,8.85,182210,82.7,28.245,8.117
JPN,2000,222,31430.631130325,0.889,7.035,1864008,81.0760975609756,14.916,4.733
JPN,2001,216,31476.0520665746,0.892,7.239,1856341,81.4163414634146,15.764,5.042
JPN,2002,209,31416.1241772309,0.894,7.352,1839189,81.6907317073171,16.106,5.358
JPN,2003,207,31830.217584972,0.896,7.487,1820035,81.76,16.285,5.242
JPN,2004,201,32515.1158024695,0.899,7.535,1812554,82.030243902439,16.49,4.733
JPN,2005,199,33098.5474664881,0.9,7.658,1798473,81.9551219512195,16.886,4.425
JPN,2006,192,33531.518563066,0.903,7.687,1786487,82.3219512195122,17.011,4.117
JPN,2007,189,33990.0360341367,0.905,7.779,1775316,82.5070731707317,17.431,3.833
JPN,2008,184,33557.6454041595,0.905,8.089,1755971,82.5875609756098,18.445,3.983
JPN,2009,178,31651.0837739562,0.905,8.959,1743293,82.9314634146342,20.632,5.075
JPN,2010,176,32942.2020783835,0.907,9.063,1730215,82.8426829268293,20.981,5.058
JPN,2011,182,33011.1342301291,0.906,10.488,1712439,82.5912195121951,21.826,4.583
JPN,2012,166,33518.4449368599,0.909,10.672,1703853,83.0960975609756,21.773,4.325
JPN,2013,162,34239.8862473488,0.912,10.674,1695114,83.3319512195122,21.769,4.008
JPN,2014,157,34386.9058552671,0.914,10.729,1680625,83.5878048780488,21.539,3.583
JPN,2015,152,34960.6393843385,0.917,10.75,1673594,83.7939024390244,21.914,3.375
JPN,2016,148,35242.199377148,0.918,10.659,1664456,83.9848780487805,21.965,3.108
JPN,2017,143,35861.9728545672,0.92,10.656,1653234,84.099756097561,22.071,2.817
JPN,2018,140,36138.5290824814,0.921,10.74,1641407,84.2109756097561,22.191,2.433
JPN,2019,137,36043.7844013518,0.922,10.97,1620040,84.3563414634146,22.766,2.358
JPN,2020,134,34642.9718743239,0.922,11.45,1593572,84.56,24.762,2.8
JPN,2021,135,35741.1601062924,0.922,12.081,1583725,84.4456097560976,25.448,2.817
KOR,2000,367,16995.5591864626,0.83,3.718,218676,75.909756097561,4.245,4.425
KOR,2001,353,17684.0503773277,0.838,4.164,210970,76.4121951219512,4.489,4
KOR,2002,348,18940.3842233935,0.846,3.902,230353,76.7658536585366,4.361,3.258
KOR,2003,335,19435.4934104303,0.852,4.459,243547,77.2146341463415,4.626,3.55
KOR,2004,318,20364.7599656771,0.859,4.426,260405,77.6658536585366,5.185,3.658
KOR,2005,297,21197.1990880347,0.866,4.646,284084,78.1682926829268,5.507,3.75
KOR,2006,278,22196.2077459266,0.871,4.953,314082,78.6682926829268,6.272,3.475
KOR,2007,264,23365.1402064812,0.876,4.96,352540,79.119512195122,6.342,3.258
KOR,2008,248,23887.0595538423,0.878,5.245,379074,79.5170731707317,6.806,3.175
KOR,2009,237,23952.8132191069,0.881,5.683,403932,79.9682926829268,7.589,3.633
KOR,2010,228,25455.6174843658,0.894,5.792,432876,80.1170731707317,7.373,3.708
KOR,2011,216,26191.6442615421,0.899,5.9,475744,80.5682926829269,7.337,3.408
KOR,2012,206,26680.275444870502,0.901,5.955,514687,80.819512195122,7.825,3.225
KOR,2013,194,27399.6159477521,0.905,6.066,550543,81.2707317073171,8.297,3.1
KOR,2014,185,28100.0102759544,0.91,6.243,587993,81.7219512195122,8.633,3.492
KOR,2015,177,28737.4391706499,0.914,6.46,592262,82.0243902439024,9.052,3.592
KOR,2016,170,29467.124342556,0.918,6.634,613968,82.2756097560976,9.247,3.675
KOR,2017,159,30312.8888500809,0.922,6.796,631092,82.6268292682927,9.473,3.683
KOR,2018,154,31059.2668087927,0.924,7.14,641870,82.6268292682927,10.172,3.833
KOR,2019,147,31645.9498343307,0.927,7.691,643440,83.2268292682927,11.423,3.783
KOR,2020,142,31378.1579340648,0.928,8.025,655888,83.4268292682927,14.876,3.955
KOR,2021,143,32771.0724243229,0.933,8.327,660935,83.5268292682927,15.222,3.675
KOR,2022,151,33690.3788793046,0.928,8.843,663099,82.6804878048781,16.235,2.883
LVA,2000,644,6336.38296707987,0.764,5.572,20773,70.3146341463415,15.701,14.342
LVA,2001,667,6833.4354323157,0.775,5.891,19349,70.7609756097561,14.619,13.475
LVA,2002,648,7443.22944659059,0.786,5.955,18174,70.9609756097561,14.259,12.492
LVA,2003,621,8149.00183600084,0.798,5.736,18199,71.2658536585366,13.479,11.65
LVA,2004,611,8957.23393555082,0.809,6.475,17911,72.0268292682927,13.575,11.742
LVA,2005,622,10106.2626157732,0.818,6.082,17696,71.3560975609756,12.72,10.042
LVA,2006,631,11507.4648265658,0.823,6.021,17407,70.8658536585366,12.758,7.033
LVA,2007,597,12810.0409502542,0.829,5.818,17233,71.019512195122,11.636,6.075
LVA,2008,564,12506.6945041012,0.837,5.866,16907,72.419512195122,13.573,7.75
LVA,2009,536,10675.425174228,0.836,6.268,14434,73.0804878048781,18.417,17.55
LVA,2010,532,10500.8666223014,0.833,6.224,11920,73.4829268292683,19.533,19.475
LVA,2011,505,11018.5152421583,0.84,5.918,12111,73.5756097560976,17.514,16.208
LVA,2012,492,11971.0107466522,0.843,5.621,11972,73.7780487804878,15.918,15.048
LVA,2013,483,12353.5386135301,0.852,5.604,11673,73.9829268292683,16.1,11.868
LVA,2014,464,12731.6771959342,0.854,5.664,11279,74.1243902439024,15.941,10.847
LVA,2015,455,13321.9753140616,0.859,5.849,11261,74.4804878048781,16.26,9.875
LVA,2016,443,13787.3367440023,0.864,6.352,11208,74.580487804878,16.542,9.642
LVA,2017,436,14382.8612727134,0.87,6.187,10812,74.6292682926829,16.4,8.715
LVA,2018,432,15120.0698171804,0.875,6.409,10587,74.7829268292683,16.716,7.415
LVA,2019,402,15328.3859933295,0.88,6.863,10379,75.3878048780488,17.137,6.311
LVA,2020,413,14900.7295718866,0.879,7.506,10045,75.1853658536585,19.2,8.099
LVA,2021,531,16070.1680032322,0.871,9.411,9732,72.9804878048781,21.738,7.557
LVA,2022,449,16404.9770631465,0.881,8.104,9451,74.2780487804878,20.505,6.851
LVA,2023,412,16890.6283099707,0.889,7.278,9312,75.6780487804878,19.705,6.506
LTU,2000,554,6384.30865426374,0.778,6.186,30912,72.0195121951219,15.368,16.375
LTU,2001,580,6854.5251282667105,0.787,6.002,28923,71.6585365853659,14.533,17.362
LTU,2002,581,7374.0979710116,0.799,6.135,27892,71.7609756097561,14.336,13.737
LTU,2003,576,8218.69336289848,0.812,6.177,26823,72.0609756097561,14.268,12.441
LTU,2004,577,8851.92598922347,0.821,5.483,25551,71.9609756097561,13.168,10.884
LTU,2005,617,9692.86853763267,0.828,5.646,24200,71.2536585365854,13.691,8.324
LTU,2006,632,10577.2145522871,0.834,5.857,23424,71.0560975609756,13.792,5.778
LTU,2007,642,11889.3545234657,0.839,5.76,23233,70.9,14.827,4.248
LTU,2008,597,12324.5197331387,0.849,6.29,22958,71.8121951219512,16.563,5.827
LTU,2009,541,10612.9204044582,0.851,7.345,22719,72.9146341463415,21.787,13.787
LTU,2010,527,10884.1161852582,0.854,6.906,22190,73.2682926829268,19.488,17.814
LTU,2011,508,11836.7200384033,0.86,6.54,22511,73.5634146341464,17.335,15.39
LTU,2012,499,12516.6184065667,0.862,6.308,22246,73.8634146341464,16.393,13.366
LTU,2013,489,13145.8069309969,0.865,6.155,21628,73.9146341463415,15.406,11.77
LTU,2014,462,13753.1895982305,0.866,6.222,21300,74.5170731707317,15.581,10.699
LTU,2015,469,14269.8039878287,0.869,6.474,20236,74.3219512195122,15.766,9.119
LTU,2016,454,14823.107153522,0.875,6.649,19193,74.6707317073171,15.602,7.861
LTU,2017,412,15695.9993288456,0.885,6.464,18548,75.4804878048781,15.334,7.073
LTU,2018,400,16604.9021440809,0.889,6.469,18025,75.6804878048781,16.244,6.146
LTU,2019,390,17431.7239081591,0.894,6.945,17733,76.2829268292683,16.862,6.254
LTU,2020,449,17443.65526328,0.888,7.416,16802,75.0292682926829,21.091,8.488
LTU,2021,481,18569.7057246217,0.887,7.732,16957,74.0365853658537,19.298,7.113
LTU,2022,409,18884.5152531698,0.888,7.244,16085,75.6439024390244,17.444,5.95
LTU,2023,356,18685.5523679178,0.895,7.319,15747,76.9878048780488,16.941,6.875
LUX,2000,271,92527.7108705226,0.861,5.925,NA,77.8731707317073,18.774,2.4
LUX,2001,257,94243.7068360989,0.863,6.381,NA,77.8243902439025,20.28,2.217
LUX,2002,272,96269.5797484275,0.868,6.76,NA,77.9658536585366,21.481,2.5
LUX,2003,269,97597.9973184565,0.87,6.961,NA,77.7268292682927,22.756,3.292
LUX,2004,215,100292.566948333,0.878,7.28,2929,79.1219512195122,22.821,3.692
LUX,2005,222,101222.044353044,0.879,7.125,2691,79.4317073170732,22.587,4.083
LUX,2006,236,105614.178851764,0.88,6.638,2671,79.2878048780488,21.111,4.233
LUX,2007,223,112417.876989455,0.883,6.158,2721,79.3829268292683,19.618,4.183
LUX,2008,191,110094.791529429,0.896,6.231,2721,80.5390243902439,20.416,4.142
LUX,2009,198,104574.349049084,0.905,6.95,2721,80.6365853658537,22.373,5.483
LUX,2010,194,106544.057363484,0.909,6.662,2721,80.6317073170732,21.533,5.817
LUX,2011,184,105290.249021891,0.911,5.952,2736,80.9878048780488,20.871,5.658
LUX,2012,179,104487.744312565,0.914,5.294,2736,81.3926829268293,20.579,6.099
LUX,2013,180,105338.955521681,0.919,5.236,2810,81.8,20.537,6.83
LUX,2014,168,105583.937273429,0.924,5.23,2811,82.2292682926829,20.462,7.092
LUX,2015,160,105462.012584423,0.913,5.081,2825,82.2926829268293,20.151,6.648
LUX,2016,164,108351.451826983,0.916,5.071,2804,82.6853658536585,20.034,6.263
LUX,2017,161,107142.126672598,0.913,5.135,2780,82.0951219512195,20.543,5.843
LUX,2018,156,106788.728745199,0.915,5.274,2740,82.2951219512195,20.836,5.11
LUX,2019,143,107591.965850496,0.916,5.466,2644,82.6390243902439,21.345,5.407
LUX,2020,154,105274.2471768,0.916,5.767,2644,82.1439024390244,23.915,6.359
LUX,2021,147,110873.185245175,0.918,5.608,2652,82.5975609756098,21.542,5.739
LUX,2022,140,107469.755128407,0.922,5.609,2609,82.9463414634147,22.102,4.809
LUX,2023,123,104590.079769081,0.922,5.668,2625,83.3585365853659,23.398,5.232
MEX,2000,421,9581.96970218684,0.712,4.244,104112,72.562,4.189,2.2
MEX,2001,412,9398.35074363503,0.715,4.582,108553,72.912,4.746,2.768
MEX,2002,413,9242.27886137666,0.722,4.83,110984,73.106,5.092,2.978
MEX,2003,413,9221.9966670073,0.728,5.54,108783,73.308,5.735,3.4
MEX,2004,403,9421.28976148291,0.732,5.684,111354,73.432,5.683,3.919
MEX,2005,403,9491.51730283716,0.736,5.581,110811,73.627,5.877,3.523
MEX,2006,394,9813.82804202904,0.745,5.406,109700,73.746,5.985,3.563
MEX,2007,383,9877.69532652913,0.747,5.507,114982,73.796,5.974,3.653
MEX,2008,397,9826.34218464752,0.75,5.446,114115,73.695,6.406,3.9
MEX,2009,396,9074.1188146315,0.749,5.848,114581,73.628,6.928,5.385
MEX,2010,394,9389.06722045352,0.751,5.49,119506,73.718,7.026,5.306
MEX,2011,382,9575.93437796508,0.757,5.301,119081,73.921,6.925,5.192
MEX,2012,380,9782.51776268033,0.764,5.421,119296,74.128,6.917,4.933
MEX,2013,371,9738.71059677222,0.765,5.577,120719,74.289,7.262,4.942
MEX,2014,378,9862.4812527519,0.769,5.353,121475,74.404,7.279,4.836
MEX,2015,376,10021.2386124039,0.773,5.527,120735,74.431,7.395,4.347
MEX,2016,393,10100.5021214851,0.778,5.385,121794,74.376,7.259,3.873
MEX,2017,390,10193.7727202899,0.781,5.312,121728,74.261,7.209,3.423
MEX,2018,389,10296.8690920868,0.785,5.238,121983,74.301,7.053,3.324
MEX,2019,393,10159.4448356722,0.788,5.301,120736,74.53,7.669,3.49
MEX,2020,680,9234.64362409252,0.763,6.052,126449,70.449,9.8,4.409
MEX,2021,676,9728.05680082173,0.761,5.877,129213,69.75,9.478,4.135
MEX,2022,418,10013.366859074,0.783,5.709,130458,73.973,9.658,3.271
NLD,2000,254,40665.338169599,0.9,7.704,78373,77.9878048780488,19.669,3.66
NLD,2001,246,41297.3198832208,0.902,8.042,76187,78.190243902439,19.773,3.137
NLD,2002,242,41135.4190736263,0.898,8.619,75701,78.2926829268293,20.515,3.665
NLD,2003,233,40981.8477039972,0.901,9.02,72897,78.4926829268293,21.155,5.921
NLD,2004,221,41663.1477772692,0.904,9.072,73194,79.0951219512195,20.94,6.773
NLD,2005,216,42411.3453838518,0.907,9.06,72441,79.3463414634146,20.507,6.961
NLD,2006,206,43841.1223404104,0.914,9.036,71860,79.6975609756098,17.206,6.079
NLD,2007,198,45445.522872349,0.92,9.001,70303,80.0975609756098,16.527,5.295
NLD,2008,193,46227.211156219,0.92,9.218,69888,80.2512195121951,16.256,4.77
NLD,2009,188,44304.4119317351,0.92,9.908,69611,80.5487804878049,17.846,5.422
NLD,2010,185,44659.272839058,0.925,10.095,68450,80.7024390243902,18.317,6.082
NLD,2011,180,45239.7318887962,0.935,10.145,66348,81.2048780487805,18.419,6.05
NLD,2012,178,44631.8745388789,0.935,10.455,63310,81.1048780487805,18.897,6.823
NLD,2013,171,44487.03063469,0.937,10.502,62051,81.3048780487805,19.141,8.204
NLD,2014,162,45042.0669545832,0.939,10.457,59795,81.7073170731707,19.03,8.338
NLD,2015,166,45793.8135434697,0.94,10.189,59117,81.509756097561,18.602,7.887
NLD,2016,165,46655.0363382039,0.941,10.125,58090,81.5609756097561,18.443,7.005
NLD,2017,158,47670.1057253297,0.945,9.937,56136,81.7609756097561,17.939,5.873
NLD,2018,155,48463.0299739951,0.947,9.851,54871,81.8121951219512,17.586,4.881
NLD,2019,149,49254.0158854264,0.95,9.936,52398,82.1121951219512,17.519,4.436
NLD,2020,161,47086.5804192702,0.945,10.95,50777,81.3585365853659,21.178,4.851
NLD,2021,168,49780.8440526836,0.951,11.135,51763,81.309756097561,19.753,4.226
NLD,2022,156,51777.5431588864,0.953,10.031,43355,81.6146341463415,17.709,3.537
NLD,2023,149,51305.6282773372,0.955,9.832,41310,81.9146341463415,18.384,3.553
NZL,2000,282,30853.807635459,0.896,7.47,NA,78.6365853658537,18.259,6.15
NZL,2001,281,31718.7628389095,0.902,7.579,NA,78.6926829268293,17.628,5.475
NZL,2002,270,32641.8202163485,0.905,7.9,NA,78.8463414634146,18.268,5.3
NZL,2003,260,33517.0893271345,0.91,7.722,NA,79.1463414634146,17.641,4.75
NZL,2004,255,34372.5891093868,0.912,7.901,NA,79.5487804878049,16.714,4.025
NZL,2005,235,35126.3341641095,0.917,8.273,NA,79.8512195121951,18.649,3.8
NZL,2006,234,35665.3533259784,0.918,8.638,NA,80.0487804878049,18.734,3.875
NZL,2007,231,36414.3173040299,0.921,8.329,NA,80.1512195121951,19.672,3.625
NZL,2008,225,35739.3584607571,0.92,8.651,NA,80.3512195121951,21.965,4.025
NZL,2009,221,35370.585185302,0.923,9.136,10352,80.7024390243902,22.338,5.9
NZL,2010,206,35489.7631519026,0.926,9.095,11948,80.9048780487805,22,6.2
NZL,2011,209,35957.523248516,0.927,9.107,12348,81.1560975609756,21.238,6.05
NZL,2012,198,36607.1493914827,0.929,9.202,12469,81.4073170731707,21.36,6.45
NZL,2013,187,37267.6586997514,0.933,8.939,12362,81.4048780487805,20.641,5.825
NZL,2014,189,38056.2646732554,0.932,8.972,12412,81.4568292682927,20.68,5.425
NZL,2015,186,38665.3723018158,0.934,8.889,12474,81.6124390243903,20.27,5.425
NZL,2016,179,39235.3695566636,0.938,8.769,12821,81.6585365853659,20.032,5.175
NZL,2017,183,39722.6068434219,0.936,8.618,13010,81.8585365853659,19.859,4.75
NZL,2018,178,40371.5456268118,0.938,8.57,12702,81.7073170731707,19.834,4.325
NOR,2000,252,67846.5968643534,0.924,7.703,NA,78.6341463414634,20.386,3.426
NOR,2001,243,68899.5268987833,0.923,8.01,NA,78.7853658536585,21.202,3.546
NOR,2002,241,69472.9836807311,0.923,8.983,22662,78.9878048780488,22.664,3.889
NOR,2003,226,69719.3122573679,0.93,9.194,22774,79.390243902439,23.59,4.494
NOR,2004,220,72090.9862854901,0.937,8.796,24086,79.8414634146342,22.22,4.471
NOR,2005,210,73524.2549197612,0.939,8.299,23861,80.0414634146342,20.664,4.616
NOR,2006,204,74729.7365961068,0.942,7.882,23427,80.3439024390244,19.404,3.444
NOR,2007,199,76115.7066768285,0.943,8.017,22906,80.3951219512195,19.52,2.539
NOR,2008,196,75535.2118003041,0.943,7.915,22101,80.5926829268293,19.169,2.747
NOR,2009,192,73141.3073299889,0.944,9.033,21840,80.7951219512195,22.415,3.266
NOR,2010,186,72804.3956188398,0.947,8.858,21044,80.9975609756098,22.001,3.794
NOR,2011,179,72660.6754124944,0.949,8.735,20778,81.2951219512195,21.446,3.364
NOR,2012,174,73661.6785830334,0.95,8.722,19937,81.4512195121951,21.332,3.294
NOR,2013,168,73515.9144917472,0.953,8.874,19600,81.7512195121951,21.782,3.773
NOR,2014,160,74180.3238731011,0.956,9.283,19751,82.1,22.687,3.617
NOR,2015,157,74809.9658049898,0.959,10.07,19506,82.3048780487805,24.531,4.531
NOR,2016,156,75017.4944769055,0.962,10.53,19293,82.4073170731707,25.819,4.74
POL,2000,431,7401.57697647848,0.801,5.265,NA,73.7487804878049,20.063,16.087
POL,2001,412,7494.96089503246,0.809,5.64,NA,74.2,21.575,18.242
POL,2002,397,7640.99307757777,0.816,6.048,NA,74.4975609756098,21.725,20.235
POL,2003,394,7915.55424389704,0.822,5.934,255168,74.5975609756098,21.841,19.942
POL,2004,387,8323.38773754587,0.82,5.842,254601,74.8463414634146,21.116,19.276
POL,2005,379,8598.57681241557,0.826,5.791,248860,74.9951219512195,20.84,18.052
POL,2006,377,9137.65850849801,0.831,5.781,246851,75.1439024390244,20.56,14.169
POL,2007,374,9760.7042604352,0.836,5.864,244877,75.2439024390244,19.498,9.944
POL,2008,367,10187.2017910883,0.841,6.352,252375,75.5439024390244,20.146,7.466
POL,2009,354,10446.5289138524,0.846,6.57,253815,75.6951219512195,21.255,8.514
POL,2010,337,10808.3975674238,0.852,6.435,251456,76.2463414634146,20.802,9.635
POL,2011,328,11370.313427173,0.858,6.245,252281,76.6951219512195,19.595,9.632
POL,2012,322,11542.2353368014,0.863,6.229,252352,76.7463414634146,19.871,10.088
POL,2013,312,11628.2286809525,0.873,6.45,251383,77,20.742,10.328
POL,2014,293,12093.1622787394,0.873,6.283,251904,77.6024390243903,20.325,8.988
POL,2015,291,12637.5220324406,0.879,6.365,252029,77.4512195121951,20.15,7.499
POL,2016,287,13026.1858988718,0.884,6.526,252136,77.8512195121951,21.189,6.161
POL,2017,290,13695.6452848724,0.882,6.537,251537,77.7536585365854,20.743,4.888
POL,2018,287,14551.0850277089,0.884,6.251,248239,77.6024390243903,20.288,3.846
POL,2019,292,15221.3090624454,0.887,6.389,234417,77.9048780487805,20.962,3.279
POL,2020,349,15090.2228440113,0.88,6.427,234617,76.4,23.47,3.163
POL,2021,395,16368.6239689025,0.884,6.365,236743,75.3512195121951,22.155,3.373
POL,2022,316,17303.64494323,0.902,6.466,231789,77.1560975609756,20.72,2.874
PRT,2002,289,19095.1102477762,0.804,8.786,37162,77.0658536585366,20.408,5.779
PRT,2003,278,18846.5411903004,0.808,9.124,37459,77.219512195122,21.461,7.038
PRT,2007,225,19979.5706224764,0.821,9.252,36220,78.3219512195122,21.307,8.722
PRT,2008,221,20014.4749270815,0.826,9.583,35803,78.5243902439025,21.768,8.315
PRT,2009,219,19371.1318849497,0.831,10.131,35635,78.7268292682927,24.11,10.177
PRT,2010,210,19698.6836746927,0.836,10.019,35646,79.0268292682927,24.302,11.506
PRT,2011,204,19389.6395868833,0.843,9.718,35601,80.4707317073171,24.198,13.585
PRT,2012,196,18679.7626802294,0.844,9.64,35815,80.3731707317073,24.297,16.636
PRT,2013,192,18597.7214646143,0.849,9.395,35478,80.7219512195122,25.386,17.216
PRT,2014,195,18836.8967994149,0.854,9.336,34522,81.1219512195122,24.959,14.546
PRT,2015,191,19215.7813014347,0.857,9.333,34890,81.1243902439025,23.967,12.862
PRT,2016,192,19662.8231226536,0.859,9.4,35037,81.1243902439025,23.477,11.268
PRT,2017,188,20364.1963666527,0.864,9.327,34953,81.4243902439025,22.783,9.242
PRT,2018,185,20997.7744918249,0.866,9.421,35409,81.3243902439024,22.478,7.175
PRT,2019,177,21569.1874639961,0.872,9.509,36092,81.6756097560976,22.329,6.633
PRT,2022,180,22042.8682074432,0.883,10.549,35924,81.6317073170732,24.068,6.192
SVK,2000,515,8997.21199594319,0.774,5.307,42333,73.0512195121951,17.533,18.9
SVK,2001,505,9277.35808851002,0.781,5.341,41249,73.4024390243903,17.26,19.458
SVK,2002,487,9690.68468262889,0.79,5.518,40714,73.6048780487805,17.415,18.825
SVK,2003,481,10168.02256533,0.796,5.484,38938,73.6048780487805,16.727,17.7
SVK,2004,464,10718.2101858841,0.806,6.495,37129,73.9585365853659,15.96,18.358
SVK,2005,462,11412.1593630008,0.815,6.616,36471,73.9048780487805,15.442,16.358
SVK,2006,453,12430.2015488557,0.824,6.852,36185,74.2048780487805,15.063,13.442
SVK,2007,440,13770.9602691527,0.834,7.175,36449,74.2073170731707,14.854,11.217
SVK,2008,425,14497.1114407172,0.842,6.96,35452,74.7048780487805,14.942,9.592
SVK,2009,406,13680.7537106597,0.845,7.953,35248,74.909756097561,17.781,12.1
SVK,2010,397,14596.1477776887,0.851,7.671,34850,75.1121951219512,17.313,14.408
SVK,2012,376,15159.657042000401,0.856,7.528,31963,76.109756097561,17.238,13.908
SVK,2013,364,15249.8824513785,0.858,7.48,31416,76.4121951219512,17.559,14.142
SVK,2014,346,15647.6491763517,0.859,6.865,31348,76.8121951219512,17.637,13.1
SVK,2016,336,16740.7413996428,0.864,6.942,31412,77.1658536585366,17.494,9.658
SVK,2017,336,17195.2888721963,0.865,6.734,31659,77.1658536585366,17.411,8.075
SVK,2018,332,17869.0149173679,0.868,6.637,31026,77.2658536585366,17.016,6.525
SVK,2019,321,18250.9802475637,0.871,6.911,31422,77.6658536585366,17.359,5.725
SVK,2020,350,17763.8563847352,0.867,7.06,31016,76.8658536585366,19.094,6.65
SVK,2021,474,18816.239379058,0.859,7.629,30911,74.6146341463415,18.971,6.817
SVK,2022,341,18952.4452860922,0.873,7.702,30914,76.9658536585366,18.119,6.183
SVK,2023,297,19381.2460735632,0.88,7.353,30718,78.0170731707317,19.294,5.825
SVN,2000,363,16146.1216848394,0.829,7.855,10745,75.4121951219512,22.238,6.75
SVN,2001,359,16576.7158840406,0.845,7.955,10286,75.7585365853659,22.17,6.75
SVN,2002,346,17099.658209132,0.855,8.116,10147,76.0073170731707,22.585,6.35
SVN,2003,341,17635.3608581831,0.865,8.174,9895,76.8585365853659,22.093,6.725
SVN,2004,318,18425.2601213581,0.87,8,9584,77.2073170731707,21.677,6.325
SVN,2005,301,19102.2776603905,0.876,8.053,9666,77.6121951219512,21.679,6.55
SVN,2006,291,20166.5323431214,0.883,7.867,9567,78.0865853658537,21.245,6
SVN,2007,285,21485.780992381,0.888,7.541,9414,78.5609756097561,19.841,4.875
SVN,2008,277,22175.2369557321,0.894,7.893,9586,78.7658536585366,19.977,4.425
SVN,2009,267,20307.6188322273,0.894,8.642,9389,78.9707317073171,22.693,5.9
SVN,2010,254,20444.1201295876,0.896,8.639,9367,79.4219512195122,23.558,7.25
SVN,2011,246,20535.4155754108,0.897,8.601,9493,79.9707317073171,23.617,8.225
SVN,2012,242,19894.8697964548,0.897,8.793,9349,80.1243902439024,23.682,8.9
SVN,2013,235,19704.2186005128,0.907,8.84,9377,80.3219512195122,24.075,10.1
SVN,2014,220,20228.7081986391,0.907,8.585,9356,81.0780487804878,23.312,9.75
SVN,2015,226,20697.2748530619,0.909,8.597,9315,80.7756097560976,22.877,9
SVN,2016,216,21309.7122138949,0.914,8.569,9266,81.1756097560976,22.5,8.025
SVN,2017,211,22397.7634988337,0.918,8.259,9294,81.0292682926829,21.676,6.575
SVN,2018,209,23293.966665323,0.922,8.352,9183,81.3780487804878,21.517,5.125
SVN,2019,200,23943.1800949889,0.923,8.566,9256,81.5292682926829,21.64,4.45
SVN,2020,221,22811.8050540778,0.918,9.49,8994,80.5317073170732,25.19,5
SVN,2021,232,24659.2499382582,0.924,9.527,8958,80.6756097560976,24.529,4.725
SVN,2022,210,25276.9359105789,0.926,9.627,8704,81.2829268292683,23.934,4
SVN,2023,187,25708.8692594475,0.931,9.3,8583,81.9780487804878,22.632,3.675
ESP,2000,238,24106.8818529374,0.833,6.802,148081,78.9658536585366,19.014,13.857
ESP,2001,232,24878.3784543991,0.839,6.769,146369,79.3682926829268,18.641,10.54
ESP,2002,226,25205.3154769045,0.844,6.799,146104,79.5682926829268,18.865,11.45
ESP,2003,224,25481.1653690112,0.846,7.592,144916,79.619512195122,19.481,11.485
ESP,2004,212,25825.3106463315,0.852,7.684,145877,79.8707317073171,19.707,10.965
ESP,2005,209,26294.447384391,0.857,7.778,145863,80.1707317073171,19.948,9.153
ESP,2006,199,26899.0921497113,0.862,7.871,146241,80.8219512195122,20.012,8.453
ESP,2007,196,27338.79541774,0.864,7.962,146840,80.8731707317073,20.168,8.233
ESP,2008,189,27112.526293889,0.865,8.429,146934,81.1756097560976,21.413,11.245
ESP,2009,181,25860.8142592652,0.867,9.153,146310,81.4756097560976,24.663,17.855
ESP,2010,175,25766.2515825743,0.875,9.17,145207,81.6268292682927,24.872,19.858
ESP,2011,170,25510.5579678829,0.879,9.217,142640,82.4756097560976,25.496,21.39
ESP,2012,165,24763.568274484,0.881,9.219,139863,82.4268292682927,25.433,24.788
ESP,2013,162,24498.5559507945,0.886,9.137,138153,83.0780487804878,25.574,26.095
ESP,2014,158,24947.8512505913,0.89,9.151,137877,83.2292682926829,25.209,24.443
ESP,2015,157,25982.4416197775,0.895,9.176,137964,82.8317073170732,24.493,22.058
ESP,2016,155,26719.2442268615,0.9,9.013,137866,83.3292682926829,24.048,19.635
ESP,2017,152,27426.281015093,0.902,9.022,138581,83.2829268292683,23.578,17.225
ESP,2018,149,27956.7225466484,0.905,9.071,139061,83.4317073170732,23.721,15.255
ESP,2019,144,28301.4393949563,0.91,9.215,138861,83.8317073170732,24.345,14.105
ESP,2020,169,25077.019882928,0.901,10.795,139977,82.2317073170732,30.613,15.533
ESP,2021,163,26705.3629138959,0.912,10.344,140397,83.1780487804878,28.415,14.92
ESP,2022,154,28152.4661471586,0.911,9.68,140551,83.1341463414634,25.965,13.035
ESP,2023,142,28569.8436387056,0.918,9.221,139286,83.8829268292683,25.933,12.185
SWE,2000,230,41561.0967199358,0.912,7.325,31765,79.6439024390244,26.986,6.342
SWE,2001,227,42013.7004290176,0.915,7.893,29122,79.7951219512195,27.136,5.967
SWE,2002,225,42831.0188566865,0.918,8.186,27925,79.8463414634146,27.731,6.083
SWE,2003,218,43474.5792121957,0.923,8.317,27332,80.0951219512195,28.486,6.692
SWE,2004,213,45113.8308507663,0.908,8.143,27088,80.4975609756098,27.99,7.517
SWE,2005,204,46188.8411096468,0.911,8.16,26478,80.5463414634146,27.673,7.908
SWE,2006,198,48077.440868765,0.915,8.042,26220,80.7487804878049,26.966,7.167
SWE,2007,192,49261.2399479074,0.917,7.988,26196,80.9,25.921,6.242
SWE,2008,191,48427.7563790621,0.913,8.226,25862,81.1,26.203,6.275
SWE,2009,183,45973.5537677715,0.912,8.777,25693,81.3512195121951,28.16,8.417
SWE,2010,173,48204.6580769325,0.918,8.324,25566,81.4512195121951,26.81,8.7
SWE,2011,168,49355.6899477279,0.92,10.502,25517,81.8024390243903,26.38,7.875
SWE,2012,167,48788.8671210682,0.92,10.834,25290,81.7048780487805,27.438,8.067
SWE,2013,166,48927.5973079916,0.94,10.987,24894,81.9560975609756,28.142,8.108
SWE,2014,160,49556.7004954366,0.943,11.072,24607,82.2536585365854,27.857,8.042
SWE,2015,162,51197.9529341175,0.945,10.933,23905,82.2048780487805,27.417,7.517
SWE,2016,155,51746.6969646457,0.947,10.982,23209,82.3073170731707,27.669,7.058
SWE,2017,153,51985.9324672002,0.949,10.966,22247,82.409756097561,27.234,6.783
SWE,2018,150,52363.3829129568,0.95,11.125,21706,82.5585365853659,26.997,6.433
SWE,2019,142,53156.8613139843,0.955,10.961,21280,83.109756097561,26.324,6.908
SWE,2020,151,51715.7810359674,0.951,11.443,21183.91,82.3560975609756,27.945,8.483
SWE,2021,144,54458.3535629927,0.958,11.328,20855.08,83.0560975609756,26.321,8.892
SWE,2022,138,54878.2919499171,0.959,10.946,19921.02,83.0585365853659,25.272,7.483
SWE,2023,133,54557.129996126,0.959,11.278,19747.07,83.309756097561,25.761,7.667
CHE,2000,217,73749.9389517966,0.892,9.134,45170,79.6804878048781,13.881,1.824
CHE,2001,204,74439.4637644735,0.895,9.46,43643,80.1804878048781,14.1,1.703
CHE,2002,196,73824.3849167809,0.896,9.88,43308,80.3853658536585,15.088,2.546
CHE,2003,192,73254.9529864219,0.901,10.137,42742,80.5365853658537,15.627,3.691
CHE,2004,182,74718.6836260364,0.906,10.226,41897,81.0878048780488,15.551,3.879
CHE,2005,182,76282.9840696619,0.909,10.058,41196,81.2365853658537,15.413,3.763
CHE,2006,174,78893.8078199046,0.918,9.58,40347,81.490243902439,14.678,3.332
CHE,2007,174,81254.1701015272,0.926,9.417,40475,81.7414634146342,14.123,2.766
CHE,2008,169,82481.0680560935,0.934,9.532,39852,81.9926829268293,13.751,2.577
CHE,2009,166,79585.5216989959,0.942,10.142,39527,82.0439024390244,15.222,3.701
CHE,2010,158,81315.4228307049,0.945,9.991,40638,82.2463414634147,14.962,3.516
CHE,2011,152,81874.3362425008,0.946,10.104,39937,82.6951219512195,14.925,2.843
CHE,2012,149,81964.8864937809,0.949,10.335,39783,82.6975609756098,15.183,2.905
CHE,2013,147,82479.9215677304,0.952,10.594,39232,82.7975609756098,15.462,3.158
CHE,2014,141,83394.3712888211,0.956,10.675,38764,83.1975609756098,15.424,3.044
CHE,2015,140,83806.4476003837,0.957,10.98,39176,82.8975609756098,15.893,3.178
CHE,2016,134,84611.0998672721,0.959,11.202,39254,83.6024390243903,16.097,3.323
CHE,2017,131,84967.5886498224,0.96,11.375,39330,83.5512195121951,16.271,3.088
CHE,2018,130,86756.6022327472,0.962,11.158,39401,83.7536585365854,15.785,2.547
CHE,2019,124,87123.6604234257,0.965,11.395,39390,83.9048780487805,15.996,2.306
CHE,2020,133,84637.0132935333,0.963,11.99,38705,83,19.27,3.17
CHE,2021,131,88661.2029776281,0.968,11.959,38592,83.7512195121951,17.468,2.993
CHE,2022,124,90605.019427268,0.966,11.599,38801,83.6048780487805,15.46,2.166
CHE,2023,114,90084.8341661309,0.97,11.691,38812,84.0560975609756,15.474,1.983
TUR,2009,253,7862.87076474477,0.728,5.494,188638,74.679,12.947,12.9
TUR,2010,251,8396.92342026278,0.75,5.021,200239,74.964,12.273,11
TUR,2011,251,9201.33726059829,0.764,4.653,194504,74.823,11.792,9
TUR,2012,242,9519.81508910914,0.772,4.444,200072,75.552,11.947,8.3
TUR,2013,276,10195.8475785153,0.802,4.371,202031,76.171,11.756,8.9
TUR,2014,277,10556.1170411504,0.813,4.325,206836,76.452,11.66,9.9
TUR,2015,273,11049.9951100942,0.821,4.117,209648,76.539,11.541,10.3
TUR,2016,276,11264.6145749335,0.826,4.285,217771,76.595,12.534,10.9
TUR,2017,268,11953.6664174026,0.833,4.18,225863,77.037,11.999,10.9
TUR,2018,251,12148.2931275476,0.838,4.121,231913,77.454,11.76,10.9
TUR,2019,233,12073.8690708145,0.841,4.36,237504,77.737,12.416,13.7
TUR,2020,292,12179.6626536773,0.838,4.616,251182,76.525,13.143,13.1
TUR,2021,315,13449.9291299333,0.841,4.561,254497,75.722,11.037,12
TUR,2022,243,14055.1031460453,0.853,3.703,262190,77.591,8.435,10.4
TUR,2023,287,14713.5670729157,0.853,4.275,266594,77.156,10.037,9.4
GBR,2001,293,39769.8719792093,0.876,7.433,238641,77.9926829268293,19.791,5.1
GBR,2002,285,40312.9824110757,0.881,7.859,236205,78.1439024390244,19.843,5.2
GBR,2003,278,41390.6062127939,0.886,8.052,235512,78.4463414634146,20.675,5
GBR,2004,265,42167.3557264259,0.897,8.322,231399,78.7463414634146,21.21,4.75
GBR,2005,257,43023.2277090836,0.903,8.381,224882,79.0487804878049,21.261,4.825
GBR,2006,250,43724.8957366594,0.902,8.54,215513,79.2487804878049,21.265,5.425
GBR,2007,243,44524.5706965197,0.905,8.76,207789,79.4487804878049,21.473,5.35
GBR,2008,239,44065.6156693521,0.91,9.033,205976,79.6,22.791,5.725
GBR,2009,227,41712.8319164411,0.915,9.839,203326,80.0512195121951,25.094,7.625
GBR,2010,221,42311.4329830247,0.921,9.788,183831,80.4024390243902,25.234,7.9
GBR,2011,213,42459.9630182272,0.916,9.797,181972,80.9512195121951,25.076,8.1
GBR,2012,205,42794.7752628767,0.917,9.893,178841,80.9048780487805,25.279,7.95
GBR,2013,203,43274.3377519631,0.931,9.991,176791,81.0048780487805,24.583,7.575
GBR,2014,201,44324.3923234579,0.932,9.977,176324,81.3048780487805,24.024,6.175
GBR,2015,202,44983.885522934,0.931,9.94,169995,80.9560975609756,23.698,5.375
GBR,2016,202,45485.6509977812,0.934,9.871,168934,81.1560975609756,22.9,4.875
GBR,2017,198,46439.8616757792,0.937,9.705,167589,81.2560975609756,22.647,4.425
GBR,2018,204,46862.9673585729,0.936,9.795,165844,81.2560975609756,22.223,4.075
GBR,2019,194,47379.8014800553,0.941,9.98,163873,81.3691219512195,22.252,3.825
GBR,2020,222,42429.185799645304,0.93,12.104,162723,80.331756097561,25.609,4.625
GBR,2021,227,45902.8331986448,0.941,12.083,162951,80.6473170731707,24.404,4.55
USA,2000,336,48616.2546267835,0.895,12.49,983628,76.6365853658537,14.123,3.967
USA,2001,331,48597.4246130164,0.897,13.168,987440,76.8365853658537,14.698,4.742
USA,2002,328,48967.3661209521,0.898,13.995,975962,76.9365853658537,15.535,5.783
USA,2003,323,49905.5233079503,0.9,14.506,965256,77.0365853658537,15.801,5.992
USA,2004,313,51348.3473392466,0.905,14.551,955885,77.4878048780488,15.664,5.542
USA,2005,310,52649.5713058632,0.907,14.579,946997,77.4878048780488,15.494,5.083
USA,2006,304,53596.3152369749,0.911,14.709,947412,77.6878048780488,15.544,4.608
USA,2007,297,54152.8292653448,0.914,14.918,945199,77.9878048780488,15.676,4.617
USA,2008,292,53703.9628962873,0.914,15.207,951045,78.0390243902439,16.251,5.8
USA,2009,284,51863.6183424227,0.915,16.201,944277,78.390243902439,18.32,9.283
USA,2010,277,52812.682985453,0.919,16.197,941995,78.5414634146342,19.048,9.608
USA,2011,276,53215.5362316915,0.92,16.14,924333,78.6414634146341,18.749,8.933
USA,2012,272,54000.8410760833,0.923,16.12,920829,78.7414634146342,18.483,8.075
USA,2013,271,54728.8601798884,0.925,15.952,914513,78.7414634146342,18.421,7.358
USA,2014,271,55665.2411167663,0.926,16.142,902202,78.8414634146341,18.41,6.158
USA,2015,273,56849.4697923159,0.928,16.402,897961,78.690243902439,18.483,5.275
USA,2016,275,57430.8499282527,0.929,16.692,894574,78.5390243902439,18.588,4.875
USA,2017,275,58435.9707521832,0.931,16.638,931203,78.5390243902439,18.386,4.358
USA,2018,270,59817.6556796969,0.934,16.513,924107,78.6390243902439,18.153,3.892
USA,2019,267,61047.9648235152,0.936,16.545,919559,78.7878048780488,18.202,3.675
USA,2020,328,59484.0335530935,0.925,18.516,920531,76.9804878048781,23.677,8.1
USA,2021,363,62986.6563127547,0.921,17.352,919649,76.3292682926829,21.619,5.358
USA,2022,312,64198.4324880296,0.93,16.529,916752,77.4341463414634,18.98,3.642
BGR,2005,482,5231.33817610444,0.775,6.89,49626,72.5609756097561,14.855,10.172
BGR,2006,462,5629.80131778982,0.779,6.525,47719,72.6121951219512,14.036,9.022
BGR,2007,454,6048.74234259616,0.785,6.157,48749,72.6634146341463,13.14,6.935
BGR,2008,434,6464.72203037118,0.791,6.283,49507,72.9634146341463,13.807,5.664
BGR,2009,405,6288.72548913763,0.793,6.596,50041,73.4121951219512,15.624,6.878
BGR,2010,386,6428.71747401797,0.799,7.095,48934,73.5121951219512,16.269,10.211
BGR,2011,365,6605.30857880385,0.803,7.103,47391,74.1634146341463,15.477,11.349
BGR,2012,382,6693.42776100824,0.807,7.539,48308,74.3146341463415,16.455,12.38
BGR,2013,357,6792.73551393835,0.815,7.142,49522,74.8609756097561,17.75,13.038
BGR,2014,370,6941.01854679167,0.819,7.683,51505,74.4658536585366,18.419,11.524
BGR,2015,366,7268.65445473873,0.824,7.394,51933,74.6146341463415,17.583,9.233
BGR,2016,353,7586.50414873238,0.827,7.46,51816,74.8121951219512,17.21,7.666
BGR,2017,349,7898.70694583532,0.829,7.496,52744,74.8146341463415,16.834,6.23
BGR,2018,344,8211.93640364397,0.832,7.341,53173,74.9634146341464,16.84,5.273
BGR,2019,348,8644.24951911477,0.835,7.118,53997,75.1121951219512,16.547,4.275
BGR,2020,436,8450.60388758371,0.826,8.441,54216,73.3560975609756,19.585,5.207
BGR,2021,562,9168.85176416607,0.817,8.58,54491,71.2121951219512,20.496,5.249
BGR,2022,389,9601.43271269533,0.835,7.638,54707,74.1609756097561,NA,4.206
HRV,2000,550,8879.96498049361,0.769,NA,26955,72.8078048780488,NA,20.592
HRV,2001,427,9515.40905552687,0.785,NA,26618,74.5129268292683,NA,21.508
HRV,2002,413,10061.694309434,0.792,NA,25187,74.7173170731707,NA,21.783
HRV,2003,418,10618.9433102196,0.798,6.297,24927,74.6139024390244,NA,19.067
HRV,2004,394,11058.7184484755,0.807,6.507,24549,75.520243902439,NA,17.783
HRV,2005,393,11522.3950059819,0.814,6.841,24220,75.2446341463415,NA,17.583
HRV,2006,375,12105.053757832,0.819,6.904,24237,75.8368292682927,NA,16.525
HRV,2007,375,12719.0032844824,0.825,7.389,24352,75.7056097560976,NA,14.733
HRV,2008,371,12970.9291075827,0.827,7.636,24282,75.9121951219512,19.504,13.033
HRV,2009,360,12099.7971276004,0.826,8.033,23806,76.1682926829268,21.125,14.517
HRV,2010,352,11965.4854792127,0.831,7.949,24831,76.4756097560976,21.216,17.167
HRV,2011,337,11995.1325319122,0.836,7.429,25487,76.7756097560976,20.179,17.367
HRV,2012,332,11780.5330067439,0.839,7.453,25129,77.1682926829268,20.627,18.6
HRV,2013,315,11839.2458156921,0.846,6.373,24933,77.5707317073171,20.145,19.808
HRV,2014,313,11863.8584044911,0.848,6.566,25019,77.7243902439024,20.687,19.275
HRV,2015,322,12285.3032582105,0.852,6.655,23409,77.2756097560976,20.687,17.067
HRV,2016,304,12849.34640034,0.856,6.692,22917,77.9219512195122,20.63,14.958
HRV,2017,304,13485.8816667037,0.862,6.628,22878,77.7268292682927,20.345,12.433
HRV,2018,304,14060.7189510749,0.867,6.714,22960,77.919512195122,20.594,9.858
HRV,2019,296,14641.2298817935,0.872,6.787,23040,78.2243902439024,20.554,7.758
HRV,2020,322,13544.9715102628,0.867,7.684,22923,77.5243902439024,23.499,9
HRV,2021,367,15394.4707328085,0.876,8.083,22414,76.4243902439025,22.478,8.092
ROU,2000,592,4569.30914768462,0.73,NA,172656,71.1634146341463,NA,7.592
ROU,2001,599,4875.30310600635,0.737,NA,173381,71.1609756097561,NA,7.392
ROU,2002,616,5248.54994632668,0.745,NA,167099,71.009756097561,NA,8.317
ROU,2003,598,5410.30835796252,0.749,5.371,146620,71.309756097561,9.624,7.75
ROU,2004,570,6008.64048461485,0.757,5.477,146096,71.5609756097561,9.561,7.983
ROU,2005,558,6328.09022324183,0.765,5.528,146529,71.9121951219512,14.401,7.125
ROU,2006,538,6876.77841417966,0.781,5.071,145529,72.1634146341463,13.653,7.175
ROU,2007,521,7483.97375820611,0.792,5.023,140889,72.5658536585366,13.833,6.342
ROU,2008,516,8318.00342795388,0.815,5.023,141327,72.5658536585366,14.547,5.6
ROU,2009,510,7924.87058070212,0.826,5.278,142203,73.309756097561,16.634,8.425
ROU,2010,498,7660.70667630517,0.822,5.639,134736,73.4585365853659,17.391,9.025
ROU,2011,458,8044.57194920892,0.823,4.475,130970,74.409756097561,15.4,9.092
ROU,2012,459,8234.28553425194,0.817,4.509,132303,74.4121951219512,14.697,8.692
ROU,2013,439,8287.95844089676,0.821,5.224,133354,75.0634146341463,15.408,8.992
ROU,2014,437,8661.47397274241,0.82,5.028,133619,74.909756097561,15.076,8.592
ROU,2015,434,8977.01748158196,0.823,4.943,134572,74.9121951219512,14.865,8.392
ROU,2016,431,9286.87678236598,0.823,5.08,134763,75.209756097561,15.172,7.2
ROU,2017,426,10106.2269557253,0.828,5.189,134998,75.209756097561,15.241,6.092
ROU,2018,430,10788.015091463,0.833,5.515,135691,75.3585365853659,15.281,5.25
ROU,2019,419,11270.4758020159,0.838,5.699,136715,75.6073170731707,15.589,4.892
ROU,2020,492,10916.3126056493,0.832,6.21,137191,74.2536585365854,17.621,6.075
ROU,2022,430,12114.8715109948,0.84,5.798,138618,75.1536585365854,NA,5.625
